cod_colaborador,primeiro_nome,ultimo_nome,email,cpf,data_nascimento,endereco,cep
14,Paulo,Dias,melissalopes@example.net,847.210.695-02,1974-04-24,"Lagoa de Rodrigues, 62 Zilah Sposito 37328-273 Castro Paulista / PE",27275674
19,Luiz Fernando,Dias,pcunha@example.net,820.415.963-33,1994-07-10,"Ladeira de Moreira, 82 Jardim Atlântico 27617-762 Sales Verde / PB",50013962
32,Vitor Hugo,Dias,aragaonicolas@example.net,936.172.548-37,1986-12-18,Área Sophie Moreira Maria Virgínia 71941-111 Souza do Campo / RJ,08955-215
88,João Gabriel,Lima,luiz-otaviorezende@example.org,967.082.451-67,1994-10-19,"Trevo Murilo Ramos, 92 São Benedito 73615-597 Moura da Mata / RR",24224-305
39,Maria Eduarda,Melo,joao-pedro72@example.com,857.496.210-49,1996-03-01,"Parque de Moura, 65 Granja Werneck 67769059 da Rosa de da Cunha / RR",96896390
41,Olivia,Costa,sabrina59@example.com,190.768.435-20,1966-01-30,"Favela Rocha, 94 Laranjeiras 92500120 Viana / GO",90019993
45,Laura,Cunha,lviana@example.org,217.583.096-95,1977-02-07,"Lagoa Benício Moura, 5 Vila Paraíso 50235854 da Conceição / RJ",19415-341
100,Lavínia,Cunha,noahmoraes@example.com,062.937.158-02,1975-03-24,"Colônia Lima, 83 Flamengo 36172-665 da Mota / SE",74890752
16,Benjamin,Gomes,vjesus@example.org,718.950.436-20,1963-12-21,"Conjunto Gomes, 888 Céu Azul 76308-427 Lopes do Norte / GO",29604844
46,Alana,Gomes,samuel76@example.com,768.134.950-20,1977-07-16,Fazenda Emilly Costa Campo Alegre 55916-800 da Cunha de Rocha / SE,88161-168
76,Ana Júlia,Gomes,davi-luccacardoso@example.org,461.837.095-57,1985-09-13,"Viaduto Rezende, 33 Beira Linha 94699659 Fogaça do Oeste / RN",73793-541
64,Ana Júlia,Jesus,thales22@example.com,265.931.407-16,1975-06-15,Travessa Araújo Flamengo 90045246 Dias / AM,85994735
86,Eduarda,Jesus,zmelo@example.com,260.431.897-04,1983-10-28,"Vale de Ribeiro, 6 Vera Cruz 77263-255 Lopes Verde / MS",53119-377
91,Emilly,Jesus,freitascaroline@example.com,053.126.487-44,1985-03-03,"Pátio Aragão, 171 Califórnia 42079209 da Rosa Grande / ES",95399-857
4,Laís,Lopes,diaslucas@example.org,269.580.741-49,1976-10-14,"Sítio da Paz, 94 Conjunto Jatoba 59169-769 Nogueira / PA",07868885
42,Enrico,Lopes,oviana@example.com,196.574.038-39,1991-03-23,"Chácara de Pereira, 148 Etelvina Carneiro 74386-933 das Neves / TO",98758451
53,Helena,Lopes,antoniomonteiro@example.org,928.706.341-96,1990-10-08,"Área Enrico Caldeira, 9 Santa Cecilia 37808172 Rocha da Prata / PB",48143-984
57,Lucca,Lopes,das-nevesmaria-fernanda@example.org,697.351.804-48,1966-02-21,"Área de da Cunha, 52 Pantanal 27949-577 Barros / MT",04775-545
67,Luiz Henrique,Lopes,davi-luiz75@example.net,538.697.210-30,1990-05-28,"Avenida Barros, 820 Vila Puc 71371716 da Paz / AM",95994401
56,Julia,Pinto,jalves@example.org,734.206.859-47,1985-11-27,"Trecho Teixeira, 90 Vila Oeste 93070-834 Moraes Paulista / DF",71279-339
31,Joaquim,Pires,laispeixoto@example.org,104.263.875-62,1978-06-12,"Loteamento de Peixoto, 42 Aparecida 7ª Seção 72660123 Nunes / SE",51569-010
43,Marcelo,Ramos,heitor34@example.org,279.438.056-74,1968-11-13,"Praia Daniela Nunes, 10 Vila Trinta E Um De Março 92370116 Silva Grande / AP",74002-728
50,João Pedro,Ramos,barbara58@example.com,814.096.532-42,1970-04-09,"Fazenda de Pinto, 27 Pirineus 57057184 da Paz / MS",36777-821
26,Luiz Henrique,Rocha,rodriguesolivia@example.net,934.210.785-05,1974-06-03,"Alameda de Fogaça, 60 Araguaia 33543-326 Moraes de Santos / CE",26210551
36,Marcela,Rocha,henriqueda-luz@example.com,503.247.891-14,1963-07-16,"Ladeira de Porto, 9 Distrito Industrial Do Jatoba 71922-717 Lima de Souza / SE",42103-068
85,Pedro Lucas,Rocha,pauloribeiro@example.org,305.687.219-77,1991-12-07,"Fazenda Pedro Miguel Vieira, 714 São Salvador 88997-693 Viana da Mata / RR",12941395
22,Davi Luiz,Sales,leticia48@example.org,192.058.346-70,1979-01-07,"Loteamento de Fogaça, 485 Vila Fumec 29814669 Gonçalves do Oeste / DF",60281-719
54,João Gabriel,Sales,emanuella17@example.net,784.290.531-23,1985-04-23,"Ladeira de Viana, 1 Conjunto Capitão Eduardo 97321062 Dias / BA",16683185
82,Mirella,Sales,pedro-miguelda-rocha@example.org,097.435.216-07,1967-11-13,Loteamento Monteiro Conjunto Bonsucesso 77655-152 Nogueira de Minas / MA,62738233
65,Sabrina,Silva,luiz-gustavo49@example.org,652.307.918-02,1990-02-15,"Lago Costela, 31 Conjunto Santa Maria 75957-012 Azevedo / PE",75913-235
68,João Miguel,Souza,icarvalho@example.com,627.134.095-43,1962-10-14,"Passarela Natália da Rosa, 24 São Pedro 65884-698 Rocha da Praia / PI",98839-500
84,Pietro,Souza,diogo68@example.org,136.078.249-40,1985-03-31,"Sítio Pereira, 2 Baleia 52815-925 da Cruz / PB",92408-486
72,Noah,Barros,martinsmarcos-vinicius@example.net,126.749.853-64,1991-04-25,"Colônia de da Luz, 258 Vila Santo Antônio Barroquinha 53260-352 Farias / MG",57387761
62,Arthur,Campos,oviana@example.org,381.657.092-59,1973-12-28,"Conjunto Alves, 8 Santa Amelia 36469-502 da Mota do Amparo / BA",16596-292
3,Kamilly,Castro,correialivia@example.net,297.634.180-03,1975-09-15,"Praia Marina Monteiro, 29 Vila São Francisco 58603414 Vieira da Serra / SC",96322-716
17,Larissa,Castro,asilva@example.com,137.405.962-52,1980-05-19,"Setor de Oliveira, 8 Teixeira Dias 68695-507 Costela / SC",71170-459
69,Helena,Castro,caldeiragiovanna@example.org,714.309.582-60,1986-10-05,"Trevo de Cavalcanti, 9 Renascença 86582782 Lima do Campo / RJ",26544-466
98,Alana,Castro,rodrigo08@example.org,825.140.697-85,1964-03-06,"Trecho de da Paz, 27 Conjunto Taquaril 72170-264 Pinto / MS",36787-854
18,Maria Vitória,Duarte,almeidacaroline@example.net,047.836.592-65,1963-12-24,"Setor Thiago da Rocha, 9 Independência 55260-908 Santos da Prata / PE",29043497
81,Benício,Farias,maria91@example.com,059.817.632-21,1976-05-08,"Avenida Melo, 40 Estrela Do Oriente 56389266 da Luz do Oeste / AM",52447-374
38,Luigi,Moraes,camposgiovanna@example.org,761.038.529-86,1981-02-15,"Condomínio Mirella da Conceição, 19 Petropolis 14916934 Lopes / PE",83417203
63,Ana Clara,Moraes,vitoriagomes@example.org,291.847.506-85,1981-05-08,"Favela de Oliveira, 514 Vila Nova Gameleira 3ª Seção 04170-829 Teixeira do Campo / CE",74407700
10,Vitor Hugo,Novaes,isisda-paz@example.org,187.053.296-12,1969-06-19,"Pátio Silveira, 48 Concórdia 02998-381 Moraes / SC",75796-270
13,Maria Fernanda,Novaes,milena41@example.net,942.718.605-49,1964-04-13,"Distrito Enrico Souza, 9 Vila Novo São Lucas 51945-621 Gonçalves de Cunha / MS",96640825
92,Eduarda,Novaes,da-rochagustavo@example.com,961.452.703-06,1982-12-19,"Lagoa de Costa, 96 Conjunto Minas Caixa 87681-170 da Rosa / PE",54656-513
25,Lara,Santos,pteixeira@example.com,768.541.203-90,1970-05-13,"Largo Nogueira, 59 Conjunto Bonsucesso 43484658 Porto Paulista / AM",68997-717
37,João Lucas,Santos,araujoana-vitoria@example.net,813.769.540-01,1981-07-04,Condomínio Araújo Vera Cruz 78170-346 da Paz da Serra / SE,75795-729
24,Vitória,Vieira,pedro-henrique56@example.org,572.340.961-16,1989-06-13,"Campo Bruno Melo, 3 São Jorge 1ª Seção 04133-564 Araújo de Pires / PE",92847600
44,Bruno,da Paz,wmoura@example.org,534.062.971-61,1997-10-30,"Alameda de Aragão, 5 Monte Azul 28055-168 Jesus / SC",64363-566
30,Arthur,Almeida,joaquim97@example.org,057.264.198-20,1980-01-16,"Travessa Vitor Gabriel Silveira, 20 Granja Werneck 96535821 das Neves da Mata / AC",69196806
90,Cauê,Almeida,wcampos@example.org,176.084.239-78,1993-12-03,"Vale de Costa, 62 Acaiaca 71168-130 Gonçalves da Praia / MG",61301741
20,Alice,Aragão,pedro-henrique82@example.com,495.278.610-20,1964-09-19,"Núcleo Emanuella Jesus, 621 Vila Jardim Montanhes 66803663 Pires do Campo / RR",23821831
74,Laís,Aragão,stephanypeixoto@example.net,027.619.358-02,1991-11-10,Distrito Pinto Liberdade 55152-938 Nascimento / PA,28501-411
29,Juan,Barbosa,cavalcantithomas@example.org,403.527.198-50,1967-10-09,"Favela de Cunha, 84 Jardim América 28360-153 da Costa do Campo / RJ",42832-180
83,Julia,Barbosa,da-luzcarolina@example.com,149.853.026-51,1993-11-04,"Esplanada de da Conceição, 52 Satelite 42238-305 Cavalcanti / DF",41497222
71,Gabriela,Cardoso,arthur02@example.net,385.049.162-51,1967-07-13,"Colônia Thomas Viana, 918 Marajó 70771-248 Duarte / RJ",08566439
89,Camila,Cardoso,silveiradaniela@example.org,461.203.589-51,1965-10-21,"Rodovia de Nogueira, 37 União 95858-378 das Neves / AM",65408-812
97,Nicolas,Cardoso,costajoao-miguel@example.net,897.605.341-93,1969-04-22,"Vereda Freitas, 46 Minas Brasil 80891-631 da Mata / CE",21980-775
21,Rafaela,Correia,vitor-hugosales@example.org,390.752.168-40,1973-03-24,"Chácara de Barbosa, 29 Engenho Nogueira 03345703 Cunha do Oeste / SP",03927-555
33,Elisa,Correia,leandro34@example.net,965.832.147-09,1993-02-23,"Morro de Souza, 84 Distrito Industrial Do Jatoba 67203-288 da Mota / AP",50769-513
47,Maitê,Correia,carlos-eduardo92@example.com,031.248.796-78,1978-10-25,"Lagoa de da Mata, 20 Silveira 49023-064 Rocha do Sul / PE",94709-044
6,Clarice,Costela,lrezende@example.org,264.875.013-44,1977-02-06,"Parque de Silveira, 66 Vila Da Luz 09881-664 Jesus / MS",12204328
99,Fernando,Costela,osilveira@example.net,492.758.103-97,1963-11-24,"Praça de Duarte, 5 Santa Rosa 84418424 Cardoso de Carvalho / RO",15164977
23,Elisa,Fogaça,qjesus@example.net,579.816.234-64,1988-08-16,"Campo João Barros, 99 Providencia 47135-118 Melo de Lima / ES",12605284
96,Gustavo,Martins,emilly44@example.com,790.245.683-74,1995-09-02,"Largo de das Neves, 1 Nova Esperança 60391950 Monteiro de da Rocha / CE",97215561
11,Camila,Moreira,enzo-gabrielduarte@example.com,263.589.174-55,1970-03-30,"Lago Evelyn Teixeira, 7 Pantanal 68026-096 Carvalho / SP",92857-785
7,Letícia,Peixoto,igornovaes@example.net,396.071.582-02,1994-09-10,"Ladeira da Costa, 86 Conjunto Bonsucesso 59864-562 Porto de Barros / ES",92465328
9,Diego,Peixoto,valentinada-rocha@example.net,367.528.901-02,1969-04-01,"Sítio Maria Eduarda Pires, 8 Antonio Ribeiro De Abreu 1ª Seção 50991-334 Nogueira da Prata / BA",77896-815
40,Bryan,Peixoto,kgomes@example.com,047.931.256-70,1975-08-22,"Rodovia Leonardo da Cunha, 135 Ventosa 29667758 Moreira do Norte / AP",79262-228
52,Theo,Peixoto,ncosta@example.net,578.310.962-21,1991-10-10,"Fazenda Peixoto, 68 Marieta 3ª Seção 99059-719 Porto / SE",47431-701
2,Clarice,Ribeiro,noahcastro@example.org,091.367.842-22,1993-11-10,"Recanto Nogueira, 3 Xangri-Lá 38163250 Vieira de Mendes / RN",05165-716
5,Emanuella,Ribeiro,paulo12@example.org,714.695.380-75,1974-06-01,"Parque Lima, 3 Europa 70881-379 Cunha / RS",22588-498
1,Lorena,da Mata,luiz-felipefarias@example.org,843.201.579-23,1996-01-31,"Vereda da Rocha, 240 Vila Aeroporto 10668-659 Caldeira / MT",69097997
79,Pietro,da Mata,luiza18@example.net,241.395.068-06,1973-04-24,Passarela de Peixoto Distrito Industrial Do Jatoba 34288-743 da Mata Paulista / AM,04555518
48,Pietra,da Mota,ianviana@example.net,452.389.017-04,1978-11-16,Trevo Bruno Azevedo Engenho Nogueira 17313-814 Porto de Goiás / RN,71636-333
55,Ana Sophia,da Mota,pedro-henrique85@example.com,205.719.486-85,1997-05-16,"Conjunto de Nascimento, 138 Marçola 26018227 Viana / RO",79292091
77,Sophie,da Mota,livia08@example.net,672.598.143-73,1997-04-13,"Condomínio Isabelly Cunha, 30 Prado 78943472 Rezende / PR",53778703
8,Vitor Gabriel,Caldeira,csilva@example.net,853.624.091-15,1973-07-11,"Jardim da Luz, 96 Rio Branco 42420423 da Mata / MT",66925-534
49,Pietra,Caldeira,gustavo-henriquecastro@example.com,725.083.916-03,1977-08-06,"Travessa Laura Monteiro, 7 Grota 92672446 Porto / AL",36084-897
61,Davi Lucca,Carvalho,vcavalcanti@example.net,526.984.013-89,1963-04-27,Recanto Nina da Costa Vila Santa Monica 1ª Seção 23645052 Castro de Fernandes / MA,03745319
58,Ana Julia,Ferreira,lorena19@example.com,945.218.603-89,1994-02-22,"Vale Rezende, 4 São Geraldo 84460438 da Conceição de Sales / TO",33395-564
75,Maria Fernanda,Ferreira,vitor-hugoribeiro@example.net,283.076.541-90,1978-07-13,"Ladeira de Nascimento, 359 Salgado Filho 60868-929 da Rosa / CE",01114-589
78,João Felipe,Ferreira,fernando53@example.org,369.428.710-87,1976-09-12,"Favela Barros, 28 Nazare 98329-395 Caldeira do Norte / GO",83982-409
51,Pedro Lucas,Silveira,kda-cunha@example.com,823.456.790-00,1970-12-24,"Trecho de Duarte, 903 Leticia 22951015 Nascimento / RR",87312248
93,Yuri,Silveira,barbarapereira@example.net,395.814.270-23,1980-09-09,"Campo de Silveira, 36 Bernadete 75409639 Barbosa / RN",48093646
87,Luna,Teixeira,samuel34@example.org,403.762.985-29,1998-04-06,"Viaduto Cunha, 3 Minas Brasil 94652281 Nascimento do Oeste / SC",53544065
73,Lucas Gabriel,da Costa,sophie99@example.net,749.536.012-70,1977-03-08,"Conjunto Melo, 64 Vila Nova Gameleira 3ª Seção 99419458 Duarte Alegre / AC",80265890
34,Daniela,Fernandes,rezendemarcela@example.org,627.401.395-43,1996-07-22,"Feira de Melo, 95 Bom Jesus 02499-885 Jesus / PE",73390-636
59,Eloah,Fernandes,ida-costa@example.org,486.321.970-96,1987-09-10,Recanto Duarte Vila Mangueiras 08038-110 Araújo / RO,73404-769
60,Sabrina,Fernandes,pedro82@example.net,643.508.219-70,1993-09-18,"Conjunto Sofia Azevedo, 44 Ipe 31209677 Costela de Araújo / MA",24300799
15,Joana,Rodrigues,erodrigues@example.net,480.756.921-01,1968-05-21,"Esplanada de Almeida, 720 Manacas 89334474 Cardoso de Cunha / MT",92472266
66,Lívia,Rodrigues,estherdias@example.com,953.124.067-16,1992-02-27,"Praça Novaes, 93 Sion 55659988 Souza dos Dourados / SP",73034259
12,Ana Lívia,das Neves,milena37@example.net,182.045.369-33,1986-09-23,"Vale Marcos Vinicius Duarte, 302 Vila Paris 03560827 Moura / PR",12951-292
70,Paulo,Cavalcanti,silveiraalicia@example.net,805.124.379-04,1966-08-18,"Rodovia Igor Moura, 41 Atila De Paiva 22036-616 Pereira / SC",79567620
95,Juliana,Cavalcanti,gomesmanuela@example.org,309.764.251-06,1982-05-18,Trevo de Duarte Nossa Senhora Do Rosário 41440886 Rezende / MS,52427-851
94,Melissa,Gonçalves,caldeirasamuel@example.com,825.670.139-03,1971-01-09,"Largo de Pinto, 96 Vila Independencia 2ª Seção 38053880 da Mota do Amparo / TO",66939-843
28,Alexandre,Nascimento,olivia97@example.org,719.360.824-03,1992-01-12,"Aeroporto Maria Cecília Rocha, 39 Serra Do Curral 08025-854 Cardoso da Praia / MA",42178150
80,Clarice,Nascimento,lorena74@example.org,956.104.283-51,1995-12-01,"Rua de da Mota, 7 Vila Mantiqueira 17429735 Jesus / SC",40016475
27,Marcela,da Conceição,mcosta@example.com,139.467.025-70,1963-05-14,"Avenida de Campos, 513 Tres Marias 67624232 Correia / AM",66423556
35,Ryan,da Conceição,giovannacavalcanti@example.net,342.506.918-70,1989-11-03,"Estação de Rezende, 33 Vila Betânia 65202-821 Silva / PI",59741896
